{
    "version": "2.0.0",
    "runner": "terminal",
    "type": "shell",
    "echoCommand": true,
    "presentation" : { "reveal": "always" },
    "tasks": [
          //C++ 컴파일
          {
            "label": "save and compile for C++",
            "command": "g++",
            "args": [
                "${file}",
                "-o",
                "${fileDirname}/${fileBasenameNoExtension}"
            ],
            "group": "build",

            //컴파일시 에러를 편집기에 반영
            //참고:   https://code.visualstudio.com/docs/editor/tasks#_defining-a-problem-matcher

            "problemMatcher": {
                "fileLocation": [
                    "relative",
                    "${workspaceRoot}"
                ],
                "pattern": {
                    // The regular expression. 
                   //Example to match: helloWorld.c:5:3: warning: implicit declaration of function 'prinft'
                    "regexp": "^(.*):(\\d+):(\\d+):\\s+(warning error):\\s+(.*)$",
                    "file": 1,
                    "line": 2,
                    "column": 3,
                    "severity": 4,
                    "message": 5
                }
            }
        },
        //C 컴파일
        {
            "label": "save and compile for C",
            "command": "gcc",
            "args": [
                "${file}",
                "-o",
                "${fileDirname}/${fileBasenameNoExtension}"
            ],
            "group": "build",

            //컴파일시 에러를 편집기에 반영
            //참고:   https://code.visualstudio.com/docs/editor/tasks#_defining-a-problem-matcher

            "problemMatcher": {
                "fileLocation": [
                    "relative",
                    "${workspaceRoot}"
                ],
                "pattern": {
                    // The regular expression. 
                   //Example to match: helloWorld.c:5:3: warning: implicit declaration of function 'prinft'
                    "regexp": "^(.*):(\\d+):(\\d+):\\s+(warning error):\\s+(.*)$",
                    "file": 1,
                    "line": 2,
                    "column": 3,
                    "severity": 4,
                    "message": 5
                }
            }
        },
        // 바이너리 실행(Ubuntu)
        // {
        //     "label": "execute",
        //     "command": "cd ${fileDirname} && ./${fileBasenameNoExtension}",
        //     "group": "test"
        // }
        // 바이너리 실행(Windows)
        {
            "label": "execute",
            "command": "cmd",
            "group": "test",
            "args": [
                "/C", "${fileDirname}\\${fileBasenameNoExtension}"
            ]
    
        }
    ]
}